accession,num_proteins,total_residues,threads,rep,time_createdb_s,time_search_s,time_total_s,Res/Db Time,Res/Search time,Res/Total time,Prots/Db time,Prots/search time,Prots/total time
GCF_000166935.1,1312,325473,48,1,37.703,3.629,41.333,8632.54913402117,89686.6905483604,7874.41027750224,34.7982919131104,361.532102507578,31.742191469286
GCF_000015785.2,3681,1140501,48,1,113.967,12.976,126.944,10007.291584406,87893.1103575832,8984.2844088732,32.2988233435995,283.677558569667,28.9970380640282
GCF_009035845.1,3670,1147128,48,1,113.054,12.176,125.23,10146.7263431634,94212.2207621551,9160.16928850914,32.4623631185097,301.412614980289,29.3060768186537
GCA_000277735.2,4036,1338104,48,1,132.019,14.049,146.068,10135.692589703,95245.4979002064,9160.82920283703,30.571357153137,287.280233468574,27.6309663992113
GCF_000006945.2,4554,1427167,48,1,142.069,15.432,157.501,10045.5905229149,92481.0134784863,9061.32024558574,32.0548465886295,295.101088646967,28.9141021326849
