accession,num_proteins,total_residues,threads,rep,time_createdb_s,time_search_s,time_total_s,Res/Db Time,Res/Search time,Res/Total time,Prots/Db time,Prots/search time,Prots/total time
GCF_000166935.1,1312,325473,16,1,45.016,8.794,53.811,7230.16260885019,37010.8028201046,6048.44734347996,29.1451928203306,149.19263133955,24.3816320083254
GCF_000015785.2,3681,1140501,16,1,154.321,41.246,195.567,7390.44588876433,27651.1904184648,5831.76609550691,23.8528780917698,89.2450176986859,18.8221939284235
GCF_009035845.1,3670,1147128,16,1,153.307,39.504,192.811,7482.55461264,29038.2746051033,5949.49458277795,23.9388938535096,92.9019846091535,19.0341837343305
GCA_000277735.2,4036,1338104,16,1,183.027,46.285,229.311,7310.96504887257,28910.1004645133,5835.32407952519,22.0513913247772,87.1988765258723,17.6005512164702
GCF_000006945.2,4554,1427167,16,1,190.894,52.038,242.932,7476.22764466144,27425.477535647,5874.75919187262,23.8561714878414,87.512971290211,18.7459865312104
